{"algorithm": "binary_tree", "world_size": 8, "msg_bytes_per_rank": 4194304, "root": 0, "samples_ms": [8.486834005452693, 7.942417003505398, 10.688416004995815], "median_ms": 8.486834005452693, "min_ms": 7.942417003505398, "max_ms": 10.688416004995815}