{"algorithm": "binary_tree", "world_size": 8, "msg_bytes_per_rank": 1048576, "root": 0, "samples_ms": [3.6404999991646037, 2.7557499997783452, 2.7233329965383746], "median_ms": 2.7557499997783452, "min_ms": 2.7233329965383746, "max_ms": 3.6404999991646037}