{"algorithm": "binary_tree", "world_size": 16, "msg_bytes_per_rank": 1048576, "root": 0, "samples_ms": [11.650832995655946, 10.57070899696555, 7.462875000783242], "median_ms": 10.57070899696555, "min_ms": 7.462875000783242, "max_ms": 11.650832995655946}