{"algorithm": "binary_tree", "world_size": 8, "msg_bytes_per_rank": 16384, "root": 0, "samples_ms": [1.2882090013590641, 1.0449170003994368, 1.0300419962732121], "median_ms": 1.0449170003994368, "min_ms": 1.0300419962732121, "max_ms": 1.2882090013590641}