{"algorithm": "binary_tree", "world_size": 16, "msg_bytes_per_rank": 1024, "root": 0, "samples_ms": [2.961500002129469, 2.7075000034528784, 2.451332999044098], "median_ms": 2.7075000034528784, "min_ms": 2.451332999044098, "max_ms": 2.961500002129469}