{"algorithm": "binary_tree", "world_size": 16, "msg_bytes_per_rank": 4096, "root": 0, "samples_ms": [2.866541995899752, 2.6919169977190904, 2.430166001431644], "median_ms": 2.6919169977190904, "min_ms": 2.430166001431644, "max_ms": 2.866541995899752}