{"algorithm": "binary_tree", "world_size": 8, "msg_bytes_per_rank": 65536, "root": 0, "samples_ms": [1.342666997516062, 1.1657920040306635, 1.0840830000233836], "median_ms": 1.1657920040306635, "min_ms": 1.0840830000233836, "max_ms": 1.342666997516062}