{"algorithm": "binary_tree", "world_size": 8, "msg_bytes_per_rank": 4096, "root": 0, "samples_ms": [1.1722499984898604, 1.0158750010305084, 0.9931669992511161], "median_ms": 1.0158750010305084, "min_ms": 0.9931669992511161, "max_ms": 1.1722499984898604}