{"algorithm": "binary_tree", "world_size": 2, "msg_bytes_per_rank": 1048576, "root": 0, "samples_ms": [0.5417079955805093, 0.517915999807883, 0.4653330033761449], "median_ms": 0.517915999807883, "min_ms": 0.4653330033761449, "max_ms": 0.5417079955805093}