{"algorithm": "binary_tree", "world_size": 4, "msg_bytes_per_rank": 1048576, "root": 0, "samples_ms": [1.3254579971544445, 1.1420829978305846, 1.1336250026943162], "median_ms": 1.1420829978305846, "min_ms": 1.1336250026943162, "max_ms": 1.3254579971544445}