{"algorithm": "binary_tree", "world_size": 8, "msg_bytes_per_rank": 1024, "root": 0, "samples_ms": [1.2605000010807998, 1.0197919982601888, 0.9405000018887222], "median_ms": 1.0197919982601888, "min_ms": 0.9405000018887222, "max_ms": 1.2605000010807998}