{"algorithm": "binomial_tree", "world_size": 8, "msg_bytes_per_rank": 65536, "root": 0, "samples_ms": [1.2431249997462146, 1.14900000335183, 0.9983330019167624], "median_ms": 1.14900000335183, "min_ms": 0.9983330019167624, "max_ms": 1.2431249997462146}