{"algorithm": "binomial_tree", "world_size": 8, "msg_bytes_per_rank": 4096, "root": 0, "samples_ms": [1.2230840002303012, 1.0167920045205392, 0.9970000028260984], "median_ms": 1.0167920045205392, "min_ms": 0.9970000028260984, "max_ms": 1.2230840002303012}