{"algorithm": "binomial_tree", "world_size": 8, "msg_bytes_per_rank": 1024, "root": 0, "samples_ms": [1.1583340019569732, 1.0935840036836453, 0.9760839966475032], "median_ms": 1.0935840036836453, "min_ms": 0.9760839966475032, "max_ms": 1.1583340019569732}