{"algorithm": "binomial_tree", "world_size": 4, "msg_bytes_per_rank": 1048576, "root": 0, "samples_ms": [1.3452079947455786, 1.2397909958963282, 1.1036250070901588], "median_ms": 1.2397909958963282, "min_ms": 1.1036250070901588, "max_ms": 1.3452079947455786}