{"algorithm": "ring", "world_size": 5, "msg_bytes_per_rank": 65536, "samples_ms": [58.89690000913106], "median_ms": 58.89690000913106, "min_ms": 58.89690000913106, "max_ms": 58.89690000913106}