{"algorithm": "recursive_doubling", "world_size": 4, "msg_bytes_per_rank": 1048576, "samples_ms": [4.742666002130136, 3.9275000017369166, 4.04691699804971], "median_ms": 4.04691699804971, "min_ms": 3.9275000017369166, "max_ms": 4.742666002130136}