{"algorithm": "recursive_doubling", "world_size": 2, "msg_bytes_per_rank": 1048576, "samples_ms": [1.1167920019943267, 1.044374999764841, 1.1037919975933619], "median_ms": 1.1037919975933619, "min_ms": 1.044374999764841, "max_ms": 1.1167920019943267}