{"algorithm": "recursive_doubling", "world_size": 8, "msg_bytes_per_rank": 1048576, "samples_ms": [11.328625027090311, 6.977624958381057, 6.450333981774747], "median_ms": 6.977624958381057, "min_ms": 6.450333981774747, "max_ms": 11.328625027090311}