{"algorithm": "recursive_doubling", "world_size": 8, "msg_bytes_per_rank": 4194304, "samples_ms": [20.84291697246954, 19.58637504139915, 17.349708010442555], "median_ms": 19.58637504139915, "min_ms": 17.349708010442555, "max_ms": 20.84291697246954}