{"algorithm": "recursive_doubling", "world_size": 2, "msg_bytes_per_rank": 1048576, "samples_ms": [1.1973750006291084, 1.1789160053012893, 1.018832997942809], "median_ms": 1.1789160053012893, "min_ms": 1.018832997942809, "max_ms": 1.1973750006291084}