{"algorithm": "recursive_doubling", "world_size": 8, "msg_bytes_per_rank": 262144, "samples_ms": [5.253832998278085, 5.138583997904789, 4.064790999109391], "median_ms": 5.138583997904789, "min_ms": 4.064790999109391, "max_ms": 5.253832998278085}