{"algorithm": "recursive_doubling", "world_size": 2, "msg_bytes_per_rank": 1048576, "samples_ms": [1.3837080332450569, 1.062000053934753, 1.0824999772012234], "median_ms": 1.0824999772012234, "min_ms": 1.062000053934753, "max_ms": 1.3837080332450569}