{"algorithm": "recursive_doubling", "world_size": 8, "msg_bytes_per_rank": 1024, "samples_ms": [1.140250009484589, 0.9115830180235207, 0.9051249944604933], "median_ms": 0.9115830180235207, "min_ms": 0.9051249944604933, "max_ms": 1.140250009484589}