{"algorithm": "recursive_doubling", "world_size": 4, "msg_bytes_per_rank": 1048576, "samples_ms": [4.7158750021480955, 4.148459003772587, 3.9388340010191314], "median_ms": 4.148459003772587, "min_ms": 3.9388340010191314, "max_ms": 4.7158750021480955}