{"algorithm": "recursive_doubling", "world_size": 8, "msg_bytes_per_rank": 1048576, "samples_ms": [16.157333004230168, 25.062042004719842, 13.868709000234958], "median_ms": 16.157333004230168, "min_ms": 13.868709000234958, "max_ms": 25.062042004719842}