{"algorithm": "recursive_doubling", "world_size": 8, "msg_bytes_per_rank": 4096, "samples_ms": [1.820708996092435, 1.4242079996620305, 1.3239170002634637], "median_ms": 1.4242079996620305, "min_ms": 1.3239170002634637, "max_ms": 1.820708996092435}