{"algorithm": "ring", "world_size": 4, "msg_bytes_per_rank": 1048576, "samples_ms": [3.7834999966435134, 4.479499999433756, 4.0404999745078385], "median_ms": 4.0404999745078385, "min_ms": 3.7834999966435134, "max_ms": 4.479499999433756}