{"algorithm": "ring", "world_size": 8, "msg_bytes_per_rank": 512, "samples_ms": [2.5786249971133657, 2.269791999424342, 2.241000001959037], "median_ms": 2.269791999424342, "min_ms": 2.241000001959037, "max_ms": 2.5786249971133657}