{"algorithm": "ring", "world_size": 4, "msg_bytes_per_rank": 1048576, "samples_ms": [3.913541993824765, 3.4464999989722855, 3.5576670052250847], "median_ms": 3.5576670052250847, "min_ms": 3.4464999989722855, "max_ms": 3.913541993824765}