{"algorithm": "ring", "world_size": 8, "msg_bytes_per_rank": 4194304, "samples_ms": [64.57691700052237, 40.29708300367929, 30.667999999423046], "median_ms": 40.29708300367929, "min_ms": 30.667999999423046, "max_ms": 64.57691700052237}