{"algorithm": "ring", "world_size": 8, "msg_bytes_per_rank": 1024, "samples_ms": [1.6022499767132103, 1.4816249604336917, 2.33645795378834], "median_ms": 1.6022499767132103, "min_ms": 1.4816249604336917, "max_ms": 2.33645795378834}