{"algorithm": "ring", "world_size": 4, "msg_bytes_per_rank": 1048576, "samples_ms": [4.080499988049269, 5.1216669962741435, 3.734958008863032], "median_ms": 4.080499988049269, "min_ms": 3.734958008863032, "max_ms": 5.1216669962741435}