{"algorithm": "ring", "world_size": 2, "msg_bytes_per_rank": 1048576, "samples_ms": [1.1285419968771748, 0.9076249989448115, 0.9033340029418468], "median_ms": 0.9076249989448115, "min_ms": 0.9033340029418468, "max_ms": 1.1285419968771748}