{"algorithm": "ring", "world_size": 8, "msg_bytes_per_rank": 2097152, "samples_ms": [22.291124994808342, 16.911083002923988, 15.5599580029957], "median_ms": 16.911083002923988, "min_ms": 15.5599580029957, "max_ms": 22.291124994808342}