{"algorithm": "ring", "world_size": 8, "msg_bytes_per_rank": 2097152, "samples_ms": [50.46829200000502, 25.639833002060186, 23.489457998948637], "median_ms": 25.639833002060186, "min_ms": 23.489457998948637, "max_ms": 50.46829200000502}