{"algorithm": "ring", "world_size": 2, "msg_bytes_per_rank": 1048576, "samples_ms": [1.3417499721981585, 1.015624962747097, 1.0418750462122262], "median_ms": 1.0418750462122262, "min_ms": 1.015624962747097, "max_ms": 1.3417499721981585}