{"algorithm": "ring", "world_size": 4, "msg_bytes_per_rank": 1048576, "samples_ms": [3.591124994272832, 3.538208002282772, 3.485499997623265], "median_ms": 3.538208002282772, "min_ms": 3.485499997623265, "max_ms": 3.591124994272832}