{"algorithm": "ring", "world_size": 2, "msg_bytes_per_rank": 1048576, "samples_ms": [0.9984589996747673, 1.3499999986379407, 1.255499999388121], "median_ms": 1.255499999388121, "min_ms": 0.9984589996747673, "max_ms": 1.3499999986379407}