{"algorithm": "ring", "world_size": 8, "msg_bytes_per_rank": 262144, "samples_ms": [5.539624995435588, 5.375583001296036, 6.180374999530613], "median_ms": 5.539624995435588, "min_ms": 5.375583001296036, "max_ms": 6.180374999530613}