{"algorithm": "ring", "world_size": 8, "msg_bytes_per_rank": 1024, "samples_ms": [2.4811250041238964, 2.320542000234127, 2.308834002178628], "median_ms": 2.320542000234127, "min_ms": 2.308834002178628, "max_ms": 2.4811250041238964}