{"algorithm": "ring", "world_size": 8, "msg_bytes_per_rank": 16384, "samples_ms": [2.719582997087855, 2.5967919937102124, 2.4767499999143183], "median_ms": 2.5967919937102124, "min_ms": 2.4767499999143183, "max_ms": 2.719582997087855}