{"algorithm": "ring", "world_size": 8, "msg_bytes_per_rank": 262144, "samples_ms": [5.577000003540888, 5.369958002120256, 5.0793330010492355], "median_ms": 5.369958002120256, "min_ms": 5.0793330010492355, "max_ms": 5.577000003540888}