{"algorithm": "ring", "world_size": 8, "msg_bytes_per_rank": 65536, "samples_ms": [2.114082977641374, 4.645000037271529, 3.1813340028747916], "median_ms": 3.1813340028747916, "min_ms": 2.114082977641374, "max_ms": 4.645000037271529}