{"algorithm": "ring", "world_size": 2, "msg_bytes_per_rank": 1048576, "samples_ms": [1.082959002815187, 1.0675000376068056, 1.093875034712255], "median_ms": 1.082959002815187, "min_ms": 1.0675000376068056, "max_ms": 1.093875034712255}