{"algorithm": "ring", "world_size": 8, "msg_bytes_per_rank": 4096, "samples_ms": [2.6129589969059452, 2.2840000019641593, 2.32283299556002], "median_ms": 2.32283299556002, "min_ms": 2.2840000019641593, "max_ms": 2.6129589969059452}