{"algorithm": "ring", "world_size": 8, "msg_bytes_per_rank": 4096, "samples_ms": [2.562583002145402, 2.297125000040978, 2.3604169982718304], "median_ms": 2.3604169982718304, "min_ms": 2.297125000040978, "max_ms": 2.562583002145402}