{"algorithm": "ring", "world_size": 8, "msg_bytes_per_rank": 4194304, "samples_ms": [44.3179159774445, 31.46274999016896, 20.470791961997747], "median_ms": 31.46274999016896, "min_ms": 20.470791961997747, "max_ms": 44.3179159774445}