{"algorithm": "ring", "world_size": 8, "msg_bytes_per_rank": 1048576, "samples_ms": [8.834042004309595, 11.621250014286488, 8.964084030594677], "median_ms": 8.964084030594677, "min_ms": 8.834042004309595, "max_ms": 11.621250014286488}