{"algorithm": "ring", "world_size": 8, "msg_bytes_per_rank": 1048576, "samples_ms": [25.422291000722907, 14.070666999032255, 16.678207997756545], "median_ms": 16.678207997756545, "min_ms": 14.070666999032255, "max_ms": 25.422291000722907}