{"algorithm": "ring", "world_size": 16, "msg_bytes_per_rank": 1048576, "samples_ms": [62.52558399864938, 47.12420799478423, 44.756834002328105], "median_ms": 47.12420799478423, "min_ms": 44.756834002328105, "max_ms": 62.52558399864938}