{"algorithm": "ring", "world_size": 8, "msg_bytes_per_rank": 1024, "samples_ms": [1.6797090065665543, 3.2947909785434604, 1.5360419638454914], "median_ms": 1.6797090065665543, "min_ms": 1.5360419638454914, "max_ms": 3.2947909785434604}