{"algorithm": "ring", "world_size": 8, "msg_bytes_per_rank": 4194304, "samples_ms": [39.318166964221746, 22.12941600009799, 18.20108399260789], "median_ms": 22.12941600009799, "min_ms": 18.20108399260789, "max_ms": 39.318166964221746}