{"algorithm": "ring", "world_size": 8, "msg_bytes_per_rank": 16384, "samples_ms": [2.696540999750141, 2.5377499987371266, 2.4260829959530383], "median_ms": 2.5377499987371266, "min_ms": 2.4260829959530383, "max_ms": 2.696540999750141}