{"algorithm": "ring", "world_size": 8, "msg_bytes_per_rank": 65536, "samples_ms": [3.5074580009677447, 3.0229170006350614, 3.0822080007055774], "median_ms": 3.0822080007055774, "min_ms": 3.0229170006350614, "max_ms": 3.5074580009677447}