{"algorithm": "ring", "world_size": 8, "msg_bytes_per_rank": 1048576, "samples_ms": [9.47045796783641, 8.992083021439612, 8.902499976102263], "median_ms": 8.992083021439612, "min_ms": 8.902499976102263, "max_ms": 9.47045796783641}