{"algorithm": "ring", "world_size": 8, "msg_bytes_per_rank": 65536, "samples_ms": [2.081124985124916, 2.082624996546656, 2.0035839988850057], "median_ms": 2.081124985124916, "min_ms": 2.0035839988850057, "max_ms": 2.082624996546656}