{"algorithm": "ring", "world_size": 8, "msg_bytes_per_rank": 65536, "samples_ms": [3.191707997757476, 3.1842079988564365, 3.2417909969808534], "median_ms": 3.191707997757476, "min_ms": 3.1842079988564365, "max_ms": 3.2417909969808534}