{"algorithm": "ring", "world_size": 8, "msg_bytes_per_rank": 1024, "samples_ms": [2.490375001798384, 2.4174170030164532, 2.2655419961665757], "median_ms": 2.4174170030164532, "min_ms": 2.2655419961665757, "max_ms": 2.490375001798384}