{"algorithm": "ring", "world_size": 8, "msg_bytes_per_rank": 1048576, "samples_ms": [14.382291003130376, 14.011958002811298, 13.301249993673991], "median_ms": 14.011958002811298, "min_ms": 13.301249993673991, "max_ms": 14.382291003130376}