{"algorithm": "swing", "world_size": 8, "msg_bytes_per_rank": 16384, "samples_ms": [2.339083999686409, 1.98154199460987, 1.7717500013532117], "median_ms": 1.98154199460987, "min_ms": 1.7717500013532117, "max_ms": 2.339083999686409}