{"algorithm": "swing", "world_size": 8, "msg_bytes_per_rank": 2097152, "samples_ms": [56.838083000911865, 52.0844999991823, 43.111833998409566], "median_ms": 52.0844999991823, "min_ms": 43.111833998409566, "max_ms": 56.838083000911865}