{"algorithm": "swing", "world_size": 8, "msg_bytes_per_rank": 1024, "samples_ms": [2.311833006388042, 1.7535000006319024, 1.734708006551955], "median_ms": 1.7535000006319024, "min_ms": 1.734708006551955, "max_ms": 2.311833006388042}