{"algorithm": "swing", "world_size": 4, "msg_bytes_per_rank": 1048576, "samples_ms": [5.431000026874244, 4.541999951470643, 4.9012499512173235], "median_ms": 4.9012499512173235, "min_ms": 4.541999951470643, "max_ms": 5.431000026874244}