{"algorithm": "swing", "world_size": 8, "msg_bytes_per_rank": 4096, "samples_ms": [2.304417001141701, 1.8644580050022341, 1.7673749971436337], "median_ms": 1.8644580050022341, "min_ms": 1.7673749971436337, "max_ms": 2.304417001141701}