{"algorithm": "swing", "world_size": 8, "msg_bytes_per_rank": 16384, "samples_ms": [2.29725000099279, 2.028458002314437, 1.9301249994896352], "median_ms": 2.028458002314437, "min_ms": 1.9301249994896352, "max_ms": 2.29725000099279}