{"algorithm": "swing", "world_size": 8, "msg_bytes_per_rank": 65536, "samples_ms": [1.828499953262508, 1.7662920290604234, 1.8411670462228358], "median_ms": 1.828499953262508, "min_ms": 1.7662920290604234, "max_ms": 1.8411670462228358}