{"algorithm": "swing", "world_size": 4, "msg_bytes_per_rank": 1048576, "samples_ms": [5.370249993575271, 5.184458001167513, 4.760250005347189], "median_ms": 5.184458001167513, "min_ms": 4.760250005347189, "max_ms": 5.370249993575271}