{"algorithm": "swing", "world_size": 2, "msg_bytes_per_rank": 1048576, "samples_ms": [1.5106670325621963, 1.177750003989786, 1.1526669841259718], "median_ms": 1.177750003989786, "min_ms": 1.1526669841259718, "max_ms": 1.5106670325621963}