{"algorithm": "swing", "world_size": 4, "msg_bytes_per_rank": 1048576, "samples_ms": [5.629416998999659, 5.167833005543798, 4.596874998242129], "median_ms": 5.167833005543798, "min_ms": 4.596874998242129, "max_ms": 5.629416998999659}