{"algorithm": "swing", "world_size": 8, "msg_bytes_per_rank": 1048576, "samples_ms": [19.879874998878222, 40.62591600086307, 21.087333996547386], "median_ms": 21.087333996547386, "min_ms": 19.879874998878222, "max_ms": 40.62591600086307}