{"algorithm": "swing", "world_size": 8, "msg_bytes_per_rank": 1024, "samples_ms": [1.517334021627903, 1.193000003695488, 1.1265829671174288], "median_ms": 1.193000003695488, "min_ms": 1.1265829671174288, "max_ms": 1.517334021627903}