{"algorithm": "swing", "world_size": 8, "msg_bytes_per_rank": 1048576, "samples_ms": [12.736500008031726, 10.271625011228025, 8.579665969591588], "median_ms": 10.271625011228025, "min_ms": 8.579665969591588, "max_ms": 12.736500008031726}