{"algorithm": "swing", "world_size": 8, "msg_bytes_per_rank": 2097152, "samples_ms": [55.510416998004075, 48.79854200407863, 44.92804100300418], "median_ms": 48.79854200407863, "min_ms": 44.92804100300418, "max_ms": 55.510416998004075}