{"algorithm": "swing", "world_size": 8, "msg_bytes_per_rank": 512, "samples_ms": [2.2467919989139773, 1.881166004750412, 1.748374997987412], "median_ms": 1.881166004750412, "min_ms": 1.748374997987412, "max_ms": 2.2467919989139773}