{"algorithm": "swing", "world_size": 8, "msg_bytes_per_rank": 4194304, "samples_ms": [66.03650003671646, 67.33454199275002, 37.96745801810175], "median_ms": 66.03650003671646, "min_ms": 37.96745801810175, "max_ms": 67.33454199275002}