{"algorithm": "swing", "world_size": 8, "msg_bytes_per_rank": 65536, "samples_ms": [2.9782920028083026, 2.911832998506725, 2.7121249950141646], "median_ms": 2.911832998506725, "min_ms": 2.7121249950141646, "max_ms": 2.9782920028083026}