{"algorithm": "swing", "world_size": 2, "msg_bytes_per_rank": 1048576, "samples_ms": [1.5657499970984645, 1.4834579997113906, 1.4530000044032931], "median_ms": 1.4834579997113906, "min_ms": 1.4530000044032931, "max_ms": 1.5657499970984645}