{"algorithm": "swing", "world_size": 8, "msg_bytes_per_rank": 65536, "samples_ms": [2.8172500024084, 2.7363339977455325, 2.748124999925494], "median_ms": 2.748124999925494, "min_ms": 2.7363339977455325, "max_ms": 2.8172500024084}