{"algorithm": "swing", "world_size": 16, "msg_bytes_per_rank": 1048576, "samples_ms": [161.4671669958625, 114.39912499918137, 107.90345800342038], "median_ms": 114.39912499918137, "min_ms": 107.90345800342038, "max_ms": 161.4671669958625}