{"algorithm": "swing", "world_size": 8, "msg_bytes_per_rank": 65536, "samples_ms": [1.9832500256597996, 1.997667015530169, 1.6510409768670797], "median_ms": 1.9832500256597996, "min_ms": 1.6510409768670797, "max_ms": 1.997667015530169}