{"algorithm": "swing", "world_size": 4, "msg_bytes_per_rank": 1048576, "samples_ms": [4.821125010494143, 2.8318330296315253, 4.8918750253506005], "median_ms": 4.821125010494143, "min_ms": 2.8318330296315253, "max_ms": 4.8918750253506005}