{"algorithm": "swing", "world_size": 8, "msg_bytes_per_rank": 1024, "samples_ms": [2.289875003043562, 1.7212919992743991, 1.5810839977348223], "median_ms": 1.7212919992743991, "min_ms": 1.5810839977348223, "max_ms": 2.289875003043562}