{"algorithm": "swing", "world_size": 2, "msg_bytes_per_rank": 1048576, "samples_ms": [1.3979170034872368, 1.2426670000422746, 1.2094170015188865], "median_ms": 1.2426670000422746, "min_ms": 1.2094170015188865, "max_ms": 1.3979170034872368}