{"algorithm": "swing", "world_size": 8, "msg_bytes_per_rank": 1048576, "samples_ms": [28.991375002078712, 29.325125004106667, 20.93412500107661], "median_ms": 28.991375002078712, "min_ms": 20.93412500107661, "max_ms": 29.325125004106667}