{"algorithm": "swing", "world_size": 8, "msg_bytes_per_rank": 1048576, "samples_ms": [13.516040984541178, 11.226166039705276, 9.150333004072309], "median_ms": 11.226166039705276, "min_ms": 9.150333004072309, "max_ms": 13.516040984541178}