{"algorithm": "swing", "world_size": 2, "msg_bytes_per_rank": 1048576, "samples_ms": [0.8862080285325646, 0.6955419667065144, 0.6538340239785612], "median_ms": 0.6955419667065144, "min_ms": 0.6538340239785612, "max_ms": 0.8862080285325646}