{"algorithm": "swing", "world_size": 8, "msg_bytes_per_rank": 262144, "samples_ms": [6.138999997347128, 5.796582998300437, 5.427957999927457], "median_ms": 5.796582998300437, "min_ms": 5.427957999927457, "max_ms": 6.138999997347128}