{"algorithm": "swing", "world_size": 8, "msg_bytes_per_rank": 4194304, "samples_ms": [81.8859999999404, 42.025708011351526, 30.859083984978497], "median_ms": 42.025708011351526, "min_ms": 30.859083984978497, "max_ms": 81.8859999999404}