{"algorithm": "swing", "world_size": 8, "msg_bytes_per_rank": 4096, "samples_ms": [2.39829200290842, 1.8779169986373745, 1.8027910045930184], "median_ms": 1.8779169986373745, "min_ms": 1.8027910045930184, "max_ms": 2.39829200290842}