{"algorithm": "swing", "world_size": 8, "msg_bytes_per_rank": 262144, "samples_ms": [6.372584000928327, 5.4562090008403175, 5.54862499848241], "median_ms": 5.54862499848241, "min_ms": 5.4562090008403175, "max_ms": 6.372584000928327}