{"algorithm": "swing", "world_size": 8, "msg_bytes_per_rank": 1024, "samples_ms": [1.5334589988924563, 1.2177089811302722, 1.1554579832591116], "median_ms": 1.2177089811302722, "min_ms": 1.1554579832591116, "max_ms": 1.5334589988924563}